MDVP:Fo(Hz),MDVP:Fhi(Hz),MDVP:Flo(Hz),MDVP:Jitter(%),MDVP:Jitter(Abs),MDVP:RAP,MDVP:PPQ,Jitter:DDP,MDVP:Shimmer,MDVP:Shimmer(dB),Shimmer:APQ3,Shimmer:APQ5,MDVP:APQ,Shimmer:DDA,NHR,HNR,RPDE,DFA,spread1,spread2,D2,PPE,status,class_name,audio_file,audio_path
132.34294463279764,162.0419935401828,128.61281550435518,0.0014163021551811775,1.0712708946307286e-05,0.0006738981930029943,0.0010002097670623203,0.0020216945790089828,0.016542735450491942,0.14772711781208497,0.007459161337387235,0.006473728110438641,0.012930191142471072,0.022377484012161705,0.10363867798033952,9.844781355309197,0.16994224334674854,0.06440879084498408,0.03195840382640101,0.0033992566165060058,1.7809831466965693,0.5504521037355045,0,HC,AH_064F_7AB034C9-72E4-438B-A9B3-AD7FDA1596C5.wav,datasets\audio\HC\AH_064F_7AB034C9-72E4-438B-A9B3-AD7FDA1596C5.wav
110.71406896865793,115.24475340612051,108.77656241137325,0.0015996825170165386,1.4451091021958757e-05,0.000889139491724701,0.0013115835186900953,0.002667418475174103,0.03259662062393623,0.28268688506746464,0.010982645618574404,0.015824859055994997,0.03355394001940705,0.03294793685572321,0.2842748621428941,5.462615424035018,0.19371117543469207,0.1141021233704856,0.012663907146644518,0.0030984519453316124,1.6984071989333007,0.5749532129141334,0,HC,AH_114S_A89F3548-0B61-4770-B800-2E26AB3908B6.wav,datasets\audio\HC\AH_114S_A89F3548-0B61-4770-B800-2E26AB3908B6.wav
234.43936617519387,249.9029166083535,229.16198493849998,0.001055045057778407,4.500634553678548e-06,0.0005182980522360883,0.0008061283022719265,0.001554894156708265,0.01955852391411775,0.18617144422335888,0.006504447346789776,0.009901861482091911,0.018380615349616315,0.01951334204036933,0.024201863787534385,16.16151187677685,0.4584093601165548,0.039601370783675455,0.008753571058832474,0.002954118802321915,7.473691528040583,0.3815744514879121,0,HC,AH_121A_BD5BA248-E807-4CB9-8B53-47E7FFE5F8E2.wav,datasets\audio\HC\AH_121A_BD5BA248-E807-4CB9-8B53-47E7FFE5F8E2.wav
102.88042785814254,106.29210229228326,101.49212143577383,0.0011874683471377453,1.1543258492132853e-05,0.00067654434426619,0.0011600965897696843,0.00202963303279857,0.019783969991698742,0.17710567096264088,0.0071190051944640025,0.012004975209422196,0.018340657800986204,0.02135701558339201,0.08958569573927518,10.477613291485211,0.29214727815538727,0.07347507100535591,0.009493339590218806,0.002722939287412682,7.003508048226998,0.5000887644132636,0,HC,AH_123G_559F0706-2238-447C-BA39-DB5933BA619D.wav,datasets\audio\HC\AH_123G_559F0706-2238-447C-BA39-DB5933BA619D.wav
111.59157381495665,115.91235947098146,108.77656241137325,0.0017108324837469592,1.5333252012870726e-05,0.0008830103342669969,0.0012801642851765385,0.002649031002800991,0.026043233321909186,0.21772110650099025,0.011022962680815564,0.01568284720231933,0.022227838490139446,0.03306888804244669,0.27358696724569764,5.629045947738813,0.1304762948265198,0.2383426178832743,0.011575054204897479,0.0032284809788171503,2.3216330749610274,0.5701713310499943,0,HC,AH_195B_39DA6A45-F4CC-492A-80D4-FB79049ACC22.wav,datasets\audio\HC\AH_195B_39DA6A45-F4CC-492A-80D4-FB79049ACC22.wav
114.48960583689163,115.91235947098146,110.04048518456055,0.0011755868508721633,1.0269044918104985e-05,0.0007178312251811972,0.001120208420920754,0.002153493675543592,0.02947516861227732,0.2713097524159797,0.014734362470642057,0.01793507551266668,0.0217124645209568,0.044203087411926176,0.12335109306602163,9.088569976907573,0.19841396965237407,0.06789891940070786,0.009762733542674557,0.0026008950397768136,5.066123499219063,0.47761769491225803,0,HC,AH_197T_7552379A-2310-46E1-9466-9D8045C990B8.wav,datasets\audio\HC\AH_197T_7552379A-2310-46E1-9466-9D8045C990B8.wav
100.20807113619912,103.2661724693196,96.35074582360518,0.0033562506554343182,3.350085442366514e-05,0.0014357275693588159,0.0020551520761213035,0.004307182708076448,0.031144664782677273,0.27745078697457465,0.0098159074659847,0.015466251955114913,0.03206202224148473,0.029447722397954096,0.4638532522852054,3.3361939402055265,0.18995862295538876,0.050698001627829,0.015489596961351056,0.005475314675025328,1.394845327102681,0.663988986318494,0,HC,AH_222K_FC9D2763-1836-460B-954F-37F23D6CD81D.wav,datasets\audio\HC\AH_222K_FC9D2763-1836-460B-954F-37F23D6CD81D.wav
188.49376917636866,199.49709507426905,185.06529904895288,0.0014069031176371025,7.464766427422463e-06,0.0008546079634210408,0.0011691494288308968,0.0025638238902631226,0.023669064852582567,0.19946699786952427,0.004736903896195615,0.009785951994581946,0.021857161348105086,0.014210711688586845,0.09316147516132715,10.307636432658233,0.20409221935346653,0.16479706927913063,0.010624988480709332,0.0034767343734819103,1.9442647415812824,0.5331580109334961,0,HC,AH_264Z_593C20CD-0A54-4177-B031-26EE147080A3.wav,datasets\audio\HC\AH_264Z_593C20CD-0A54-4177-B031-26EE147080A3.wav
88.58935280751238,92.53264952447644,83.39509319054022,0.0024567036464069446,2.773629773002029e-05,0.0012029825038054217,0.0015720762569212607,0.0036089475114162647,0.05443070547570209,0.5189847186621646,0.008282490359772394,0.019081351609133736,0.06408487248620619,0.02484747107931718,0.6343238871013089,1.9768893381622985,0.3182377802798451,0.1822158239763688,0.013336534833355703,0.004421010150340783,1.9435586500710944,0.5995711765234403,0,HC,AH_292J_201CB911-31C1-4CD0-BD73-4FBA4A16C21F.wav,datasets\audio\HC\AH_292J_201CB911-31C1-4CD0-BD73-4FBA4A16C21F.wav
98.689530447091,99.74854753713453,96.35074582360518,0.0011825328388966113,1.1982822630612941e-05,0.0007479568829185725,0.0010598682666025836,0.0022438706487557174,0.019272817524250953,0.1762199427855165,0.006947187343746226,0.010576512711924061,0.02092551656151985,0.02084156203123868,0.06867864110493144,11.631783064998844,0.26706025286213453,0.05277029540714511,0.0062571829123283015,0.002611399776582849,2.419330175091683,0.4229583178412894,0,HC,AH_322A_C3BF5535-A11E-498E-94EB-BE7E74099FFB.wav,datasets\audio\HC\AH_322A_C3BF5535-A11E-498E-94EB-BE7E74099FFB.wav
186.0011309833475,188.30018349522015,182.93964279069144,0.0011171206933416375,6.006187964544804e-06,0.0006759848359695255,0.0010430735998493777,0.0020279545079085765,0.015469041198973391,0.14978779624959493,0.005061562793236447,0.008066016849474878,0.015786817541120594,0.015184688379709342,0.0508467446398878,12.937368466781045,0.194158522732079,0.049664734283385165,0.005759761790649218,0.0025392627550066675,3.3895146003665095,0.39233079931139,0,HC,AH_325A_3EB21DC7-C340-4D0E-AC9E-0EABF217BBEE.wav,datasets\audio\HC\AH_325A_3EB21DC7-C340-4D0E-AC9E-0EABF217BBEE.wav
182.18356996722045,187.21565424320963,178.76129557472427,0.001255306010055551,6.891448746719344e-06,0.0007627648530235615,0.0011057897194729643,0.0022882945590706845,0.01430416653740229,0.13347001425335542,0.0030704246979953442,0.0058023856021103895,0.015316013401878777,0.009211274093986033,0.042951160931383625,13.670250930834985,0.32674005682998875,0.155207478227395,0.012707588765655095,0.0026945490334711352,1.5506409291902066,0.588883524263851,0,HC,AH_325J_7F5F27AA-5A93-43CF-AB17-FC53940BF4B0.wav,datasets\audio\HC\AH_325J_7F5F27AA-5A93-43CF-AB17-FC53940BF4B0.wav
249.03674666547602,349.35676388212494,220.0809703691211,0.0028061355889548523,1.1526672814970308e-05,0.0017572458422133231,0.00258838357314797,0.00527173752663997,0.038300333315404486,0.36895663123324873,0.017059952810960934,0.023145701520389514,0.04108412079445671,0.0511798584328828,0.2333316897915141,6.320262737782201,0.31261378875215506,0.20767728005904468,0.15051682038299993,0.020886838266839302,1.894016635509565,0.2710129837057537,0,HC,AH_333L_6C551A6E-CC47-410E-AA49-2DC0A86E6489.wav,datasets\audio\HC\AH_333L_6C551A6E-CC47-410E-AA49-2DC0A86E6489.wav
204.36116024653643,309.448874025499,196.06985438893196,0.0018229258584720855,8.949477556493613e-06,0.0011671985013787182,0.0019006226126749536,0.0035015955041361544,0.025692703687670883,0.2417676017407724,0.007129394107126792,0.012703314418665838,0.03194445470114451,0.021388182321380376,0.11995698039440024,9.209744750111673,0.1709624374619041,0.17420401569145016,0.05696000634505822,0.019058892125307172,1.7940357399429367,0.38820732855598017,0,HC,AH_378G_3C2A05CE-36E4-4956-8FC2-0494B27D3EA8.wav,datasets\audio\HC\AH_378G_3C2A05CE-36E4-4956-8FC2-0494B27D3EA8.wav
215.159355759077,225.2251192010744,204.16011862820537,0.0016944640945917443,7.87901912913357e-06,0.0010808935350273968,0.0014561395456040094,0.0032426806050821905,0.030055103733525372,0.2987961320824178,0.009053596267359935,0.013513771118584265,0.030132210204172713,0.027160788802079804,0.08595516751764519,10.657280089485738,0.1919346545669218,0.1176312000673069,0.021460811681490017,0.0030592921617693426,1.2734178854877853,0.7586822040903569,0,HC,AH_420J_07C96C2C-6E96-4A2F-BEC9-5CB71DB309B6.wav,datasets\audio\HC\AH_420J_07C96C2C-6E96-4A2F-BEC9-5CB71DB309B6.wav
176.41481793595082,183.99940136035207,172.6720296012984,0.0015168247944227049,8.59881738628517e-06,0.0008467764455582039,0.001219547495381449,0.002540329336674612,0.016605437963980684,0.17139550675728266,0.0031886094211234384,0.006709922168326667,0.020833423305001843,0.009565828263370315,0.05389905369559215,12.684188596442493,0.2769498302064608,0.07507451820620654,0.009399125926631087,0.0029910752172355552,1.807795861107364,0.5296204350768533,0,HC,AH_444B_E1586F09-1BF5-408D-A55E-96D9E8B76A43.wav,datasets\audio\HC\AH_444B_E1586F09-1BF5-408D-A55E-96D9E8B76A43.wav
138.36056929443845,146.88642519655863,135.47572857673578,0.0011407245571633843,8.247423122136525e-06,0.0005600863151727995,0.0008558961922250838,0.0016802589455183986,0.017498559436566648,0.15566681398504081,0.008103761905618139,0.008415880096092582,0.010481532676702574,0.024311285716854418,0.15418020246584166,8.119713883591723,0.19571287986308467,0.13465625675803958,0.018573151026654394,0.0025543434693444467,1.8237043327323945,0.5913019428813467,0,HC,AH_456K_CBF60DD0-82AA-430E-A5E9-E1D3AE175CCB.wav,datasets\audio\HC\AH_456K_CBF60DD0-82AA-430E-A5E9-E1D3AE175CCB.wav
100.81687300907471,104.4660675955349,98.034927194466,0.002065510378161353,2.049061790175337e-05,0.0010909492369208494,0.001601001953302138,0.0032728477107625484,0.031237321494265818,0.3364478618525577,0.011746676544028495,0.022855930077642538,0.04585272257378244,0.03524002963208549,0.22589379392188627,6.46095700476285,0.17323833519463278,0.3350516794604941,0.011841407463254117,0.0038992615325123157,1.7239678989818121,0.5943633519637063,0,HC,AH_469Z_5BB05B2C-39C4-434D-9445-244E7580F840.wav,datasets\audio\HC\AH_469Z_5BB05B2C-39C4-434D-9445-244E7580F840.wav
200.13858202617806,202.98424287154765,192.70149164721036,0.000931846934020971,4.65646898410871e-06,0.0005063034253267187,0.0007375906036338858,0.0015189102759801559,0.02274054855171848,0.20824405208862096,0.005843845488112661,0.00916722030959158,0.02070412278174814,0.01753153646433798,0.03743946912874442,14.266703179491957,0.32306016609308214,0.09411279475840627,0.009944817057982357,0.0023104906018664773,2.1637536764503706,0.48518542759515876,0,HC,AH_473R_E4947FD3-23C1-44F1-BCE4-DC59D8269FDE.wav,datasets\audio\HC\AH_473R_E4947FD3-23C1-44F1-BCE4-DC59D8269FDE.wav
116.98938448995192,125.6752947384752,113.26491752180321,0.0017061766714867057,1.4589580763850661e-05,0.0009435563958949141,0.0013662515014512518,0.0028306691876847424,0.019060019669882848,0.1723803923529141,0.008358869822551651,0.010729276114543397,0.018347822364619855,0.025076609467654956,0.18191779352396803,7.40124820170503,0.08261585455800716,0.09595343409079869,0.019507175430555686,0.0035583851176562,1.6319558899644235,0.7020104863301809,0,HC,AH_501F_4BDDBB93-EA99-4B1C-AD7F-4D874F39FB0C.wav,datasets\audio\HC\AH_501F_4BDDBB93-EA99-4B1C-AD7F-4D874F39FB0C.wav
146.3556118681597,149.45395468305875,133.14833664814137,0.001569212026297659,1.0726097736161416e-05,0.000760767623769855,0.0011491468408526288,0.002282302871309565,0.021299966614032426,0.2096677671119241,0.006647983827756658,0.010675067593971358,0.022065619850329784,0.019943951483269974,0.08871503284210272,10.520027823419387,0.5057755259131633,0.07990771736480501,0.019752525295388082,0.003414604012646449,1.8193999453211624,0.5368559546020809,0,HC,AH_511K_DDC6D065-56B3-436B-9D08-73326C791B69.wav,datasets\audio\HC\AH_511K_DDC6D065-56B3-436B-9D08-73326C791B69.wav
106.8237295322203,179.79684922520178,78.26112418593385,0.00914509687393498,9.576930287381663e-05,0.00588756168521791,0.010400807600297858,0.01766268505565373,0.018840577853047213,0.18505517844902092,0.004468496883243562,0.008053463944013423,0.019273112850371678,0.013405490649730687,0.2488334137292178,6.040913023418733,0.2966436583036073,0.19373356351995652,0.3369247488154827,0.07646243235239976,0.9637352936927132,0.24185411098549378,0,HC,AH_523T_66147C3C-938A-4CF9-913E-5D49D72BD8B6.wav,datasets\audio\HC\AH_523T_66147C3C-938A-4CF9-913E-5D49D72BD8B6.wav
117.58575843579739,122.09756305232236,115.24475340612051,0.0016320489000160193,1.3880966431621036e-05,0.0009635568624021336,0.0013564537280585732,0.002890670587206401,0.027567984268662374,0.24156054499206228,0.00882631383448787,0.01341720967396945,0.030776760345339542,0.02647894150346361,0.21933992619098827,6.5888230700843735,0.1941377066610532,0.079259163818488,0.009747109347402817,0.003064808685817029,3.6673886942128013,0.520536154357091,0,HC,AH_528T_6A746E6E-FB60-4363-842F-A7368A1E5B2C.wav,datasets\audio\HC\AH_528T_6A746E6E-FB60-4363-842F-A7368A1E5B2C.wav
212.00622283627607,223.92791796883378,208.9321351910698,0.0009342401178764619,4.407044153133673e-06,0.0005522877926820932,0.0008662662455348244,0.0016568633780462796,0.023751523672005264,0.21525431285583313,0.00781381066036122,0.009035685322234505,0.02450979140440405,0.023441431981083657,0.051734641698560596,12.862185543835743,0.21892118938080682,0.056527641346100735,0.009291616175139543,0.0023198260426982946,4.125656981566477,0.41971548942693715,0,HC,AH_538M_AE709CB7-1123-47F8-8BD2-000158BDBC01.wav,datasets\audio\HC\AH_538M_AE709CB7-1123-47F8-8BD2-000158BDBC01.wav
188.17179831750323,191.59161272559598,180.8384017769491,0.0007956733693724847,4.228916793284701e-06,0.0005155007368246387,0.0007432834918908036,0.0015465022104739162,0.03431161092899875,0.30671191286602856,0.00573776635509899,0.012535680496453172,0.03535125716936077,0.01721329906529697,0.10331114898491445,9.858528083801389,0.48714761766991843,0.1002499287924558,0.010605857022569245,0.0021268931116956566,2.61066957055933,0.48949829284769797,0,HC,AH_562E_151814F5-BB0F-44EF-9A22-FE2862FC3411.wav,datasets\audio\HC\AH_562E_151814F5-BB0F-44EF-9A22-FE2862FC3411.wav
94.78062628136149,113.26491752180321,81.96241540526373,0.0031969757594538096,3.398103911349863e-05,0.0017887805222477167,0.002245814370332232,0.00536634156674315,0.030199332498189128,0.3018683642177858,0.013743969677623655,0.020531547686337862,0.03535767977950874,0.04123190903287097,0.6184411888209775,2.0870159366610403,0.09472590231128701,0.049936358390762825,0.08608771206245405,0.005872893805930466,0.9201440316714521,0.7416824649948197,0,HC,AH_569E_B26CCA1E-29AD-48DD-9947-48DB8A56CA31.wav,datasets\audio\HC\AH_569E_B26CCA1E-29AD-48DD-9947-48DB8A56CA31.wav
197.42563310597552,201.81513966089148,181.88598798124778,0.0016412855160303204,8.314980258265346e-06,0.0007258633611575208,0.00108105329748944,0.0021775900834725623,0.036047158310931034,0.28483904692263623,0.007063732270166918,0.01211926462417378,0.03112561977521255,0.021191196810500752,0.18437505928482523,7.342978270326455,0.2457505885606318,0.06723368481571236,0.013623700276118634,0.003448784478247618,4.149924872719022,0.4907798817465562,0,HC,AH_596S_BBE9779F-C440-42D3-9C96-4CD6121D1F7E.wav,datasets\audio\HC\AH_596S_BBE9779F-C440-42D3-9C96-4CD6121D1F7E.wav
200.30879518605988,211.35980966307562,98.60283775029484,0.005404673113958645,2.7794707222694275e-05,0.003482433883222967,0.00600872344014445,0.010447301649668901,0.015501892086066707,0.14338600150878986,0.0052556431737989595,0.007196341896131282,0.01745717786840073,0.01576692952139688,0.055351017129951115,12.568743941191975,0.2985041652636197,0.04878531801807677,0.1699242608141142,0.04604756636330858,1.4855900861239795,0.23373932794370314,0,HC,AH_619B_5CF9C4CA-31AA-4F22-8E57-8E53618CC224.wav,datasets\audio\HC\AH_619B_5CF9C4CA-31AA-4F22-8E57-8E53618CC224.wav
126.2724762835202,139.44547043494075,123.51626839721905,0.0020654347851961296,1.6359647715159367e-05,0.0009964636651354,0.0014325005149989126,0.0029893909954062,0.023021123715351123,0.2043434656140796,0.012183909605906703,0.010576403708047098,0.018456569714070437,0.036551728817720106,0.12207396592730366,9.133769458803574,0.25009620091633394,0.044157636264282304,0.012798843424784202,0.004046056583637003,2.3181552788551496,0.5445857300668815,0,HC,AH_621N_204CF3E2-1DA0-4908-A47F-78997B1BAFC2.wav,datasets\audio\HC\AH_621N_204CF3E2-1DA0-4908-A47F-78997B1BAFC2.wav
184.4181942102042,189.39099536127398,179.79684922520178,0.001211325464613789,6.568890554180151e-06,0.0007987244816231358,0.0012053660123699272,0.0023961734448694075,0.015072613644893366,0.12977187465796555,0.0035235736068242023,0.006161632336979447,0.012950426154763469,0.010570720820472607,0.034520508310447375,14.61922817974294,0.21479667085758375,0.03173836797436495,0.008970026677630383,0.0026464482329221035,2.6769949789069605,0.5260896365161353,0,HC,AH_667J_605FB4D5-E0DB-4B9B-8F58-784561C51693.wav,datasets\audio\HC\AH_667J_605FB4D5-E0DB-4B9B-8F58-784561C51693.wav
163.70004592209156,169.7056274847714,160.18078250040412,0.0011552765035124223,7.058404421266045e-06,0.0007222642297209216,0.001062172787906491,0.002166792689162765,0.02029826627406846,0.16085157807049194,0.0035097918547706,0.007138683726984399,0.020982474451665546,0.010529375564311801,0.03985107130907402,13.99559999051673,0.11529562481878995,0.18300635018737468,0.012641066196343437,0.0025818502258420388,1.7213360243080584,0.5938070838848889,0,HC,AH_678A_2E7AFA48-34C1-4DAD-A73C-95F7ABF6B138.wav,datasets\audio\HC\AH_678A_2E7AFA48-34C1-4DAD-A73C-95F7ABF6B138.wav
195.75836355914436,211.35980966307562,190.48812623618394,0.0015980131112366873,8.165053929597838e-06,0.0008472633688424378,0.001198532329590626,0.0025417901065273134,0.018243923938524732,0.16419999990973416,0.004641002058951688,0.007561266562520569,0.018202959343178286,0.013923006176855064,0.08294832910328906,10.811923579039984,0.3640788892111317,0.13262170858163186,0.01510077856421283,0.003129985623321417,1.7742636813085686,0.5892514788701341,0,HC,AH_743R_66BD23F9-D685-4315-86F8-7697B5084F7B.wav,datasets\audio\HC\AH_743R_66BD23F9-D685-4315-86F8-7697B5084F7B.wav
116.2672973101129,141.88293432325779,103.2661724693196,0.003710994985839869,3.2279839168956885e-05,0.0012876283733883954,0.002184501307887465,0.003862885120165186,0.04194325792685395,0.36357870134313264,0.008897026641332285,0.015855295155197176,0.049120616939223365,0.026691079923996854,0.4334981691905954,3.6301273235640026,0.13739719189040842,0.26439940600003103,0.10627091414437115,0.007303448118331629,0.918263695045963,0.6256931529258006,0,HC,AH_753G_073DCC32-4397-4719-A019-DDD41F30F5F1.wav,datasets\audio\HC\AH_753G_073DCC32-4397-4719-A019-DDD41F30F5F1.wav
124.75980959721794,130.1072244361702,120.0,0.0026880615524090385,2.1550093847505188e-05,0.0010980144365800109,0.001688940345081353,0.0032940433097400326,0.03324895083801483,0.2931031295316571,0.017467171092150825,0.014255639118499306,0.02647598275489009,0.052401513276452476,0.24172550730186845,6.166775196545716,0.11660430465521499,0.35201881630104476,0.013961860663208684,0.004310343542937122,1.3600757607880103,0.6396343155345933,0,HC,AH_777G_4C8ACC89-7FE2-4174-AE3A-B21B39A0C869.wav,datasets\audio\HC\AH_777G_4C8ACC89-7FE2-4174-AE3A-B21B39A0C869.wav
213.6165790822629,221.3558864606254,207.72877464147433,0.0016047063510114066,7.513288810862873e-06,0.0009141168656593709,0.0013647262916965208,0.0027423505969781125,0.01897887713827121,0.17379140082023256,0.005527724019167257,0.006911906259610666,0.019262660672293618,0.01658317205750177,0.03157888455069464,15.006032144807897,0.34921005345289624,0.027874222058327236,0.012647377375052827,0.0030448078615758047,1.478789953255657,0.6199464548066516,0,HC,AH_777R_A36CF7FA-37FD-483E-98FE-040942B1DF49.wav,datasets\audio\HC\AH_777R_A36CF7FA-37FD-483E-98FE-040942B1DF49.wav
274.4900242080017,282.1314975080661,247.03253679443804,0.001509436411205227,5.501329724500385e-06,0.0005669944287779923,0.0008488526604488686,0.001700983286333977,0.037909809735583694,0.36680060547384424,0.008419215822508888,0.015661676312620276,0.039068730265418176,0.025257647467526664,0.10718490280394842,9.698663815338506,0.3546718169842472,0.04663742983079607,0.02032205961777917,0.003269088137548013,3.0638197340674007,0.5209636437107145,0,HC,AH_789Y_20CB672C-5F66-425E-8707-BE5B7FF807E2.wav,datasets\audio\HC\AH_789Y_20CB672C-5F66-425E-8707-BE5B7FF807E2.wav
187.01074958430038,191.59161272559598,185.06529904895288,0.0008176911051764598,4.3725657356674156e-06,0.0005231052931650557,0.0008439664623187521,0.001569315879495167,0.016681128279828192,0.14879215762681297,0.004999461824400795,0.008468606938492572,0.018082548637705444,0.014998385473202386,0.026519942633911785,15.76427419701748,0.6077217147637092,0.09548023472388739,0.005605173026828969,0.0021725456163878536,6.061224158701453,0.38170463640019553,0,HC,AH_803T_66094C40-AE64-4AD3-AA97-B052C69DA3EF.wav,datasets\audio\HC\AH_803T_66094C40-AE64-4AD3-AA97-B052C69DA3EF.wav
182.91098395289788,191.59161272559598,177.7317062743877,0.0011869521635425825,6.491389892297721e-06,0.0007166468414280775,0.0010993666119932187,0.0021499405242842327,0.02028712442625854,0.15217203649059224,0.00462694681582206,0.008175285952989133,0.02008129841489666,0.01388084044746618,0.11390570462369896,9.434545250468519,0.11941279078905061,0.2125075552443864,0.018225943249610854,0.0027179686965413713,1.4470864128210448,0.7033025845047621,0,HC,AH_821C_8F9D5EF0-18B2-4967-B36D-82E014792BC3.wav,datasets\audio\HC\AH_821C_8F9D5EF0-18B2-4967-B36D-82E014792BC3.wav
83.28937808711726,87.84514175673752,80.55435016681581,0.0033191392042525012,3.986661399868817e-05,0.0016046935692144977,0.0024491909649931747,0.004814080707643493,0.024606388127838764,0.2589032589278425,0.00871666510118082,0.014927469431822585,0.030566513091030055,0.026149995303542464,0.6466440695649286,1.893347010287081,0.13405030576129878,0.11200396947434699,0.019987846535920263,0.006870228705873747,1.5023059532399783,0.7141542712812229,0,HC,AH_888A_7F1444B0-B12C-4B55-AF2A-463395DCAF3C.wav,datasets\audio\HC\AH_888A_7F1444B0-B12C-4B55-AF2A-463395DCAF3C.wav
239.8631871496406,242.7886656724614,234.51839242421903,0.0009554343872475451,3.983465325513175e-06,0.000609525765123136,0.000989113418931611,0.0018285772953694083,0.022052268826839284,0.28882415024630376,0.007258000483643023,0.013974130200814049,0.032382934081317996,0.02177400145092907,0.026983999052867316,15.688936870624996,0.3200018935511012,0.03720810444696,0.007398621158575071,0.002348942280050598,3.6559137622695705,0.46455694617817084,0,HC,AH_904H_85B22FC1-BA09-4A17-A374-B00B2445CD27.wav,datasets\audio\HC\AH_904H_85B22FC1-BA09-4A17-A374-B00B2445CD27.wav
115.07413618959977,119.30885085810569,110.6779432303127,0.004432300285842227,3.8532464311101594e-05,0.0015021092506431986,0.0025344958895787773,0.004506327751929596,0.02623927476185689,0.23500461554715016,0.005572931659466192,0.009374500798133336,0.028645526925722958,0.016718794978398576,0.29986234362015574,5.230780690346969,0.20669203559535262,0.03643552142026683,0.020093068560537067,0.006583096416683872,1.3046714494774243,0.7274673744124528,0,HC,AH_942A_3F7867F3-1AE2-4BE6-B5EC-AC3157D310CF.wav,datasets\audio\HC\AH_942A_3F7867F3-1AE2-4BE6-B5EC-AC3157D310CF.wav
126.47995626716904,136.26053148850528,122.09756305232236,0.0019234335348107105,1.5217200210445152e-05,0.0009457495617677433,0.0013859577012700524,0.0028372486853032296,0.019267289025392518,0.18146290830654493,0.006937908881922619,0.008395677898290835,0.019432840491152372,0.020813726645767857,0.1252038775351522,9.023822209175755,0.23116445580763617,0.06173266274003364,0.025357882356955234,0.003452677560430762,1.4674751239457071,0.6968209049443084,1,PD,AH_545616858-3A749CBC-3FEB-4D35-820E-E45C3E5B9B6A.wav,datasets\audio\PD\AH_545616858-3A749CBC-3FEB-4D35-820E-E45C3E5B9B6A.wav
110.4456620885678,139.44547043494075,102.08005931410268,0.0019177787591123105,1.7466251303900414e-05,0.0009773560495433483,0.0013525339140058087,0.0029320681486300453,0.019522598415102517,0.17337127098024244,0.00737103288789158,0.011078088570889842,0.01817236157922659,0.02211309866367474,0.2152028540855502,6.671519732222567,0.11292456865927092,0.06383059833983636,0.07658941914772147,0.003247755217853315,0.9749026218444526,0.6669157003117443,1,PD,AH_545622717-461DFFFE-54AF-42AF-BA78-528BD505D624.wav,datasets\audio\PD\AH_545622717-461DFFFE-54AF-42AF-BA78-528BD505D624.wav
236.94392148499546,242.7886656724614,218.81339725397203,0.002586549974701102,1.0922380595663268e-05,0.0015236699024980648,0.002417879541300487,0.004571009707494194,0.05386687667440912,0.6568538079340211,0.015068441982532405,0.03278971210469762,0.08508326394340719,0.045205325947597214,0.43431771837451744,3.6219245284979698,0.09493732073365913,0.09491434754829264,0.02360415833773127,0.008440227565649537,1.5515950625721453,0.6666345331990776,1,PD,AH_545622718-C052AD58-5E6B-4ADC-855C-F76B66BAFA6E.wav,datasets\audio\PD\AH_545622718-C052AD58-5E6B-4ADC-855C-F76B66BAFA6E.wav
260.31291249274494,309.448874025499,142.70485380032653,0.009368134386034888,3.84056159604619e-05,0.005070387203621898,0.008831069422400754,0.015211161610865694,0.0257874522502321,0.35000342447517724,0.008926956110310889,0.01803867064049173,0.047462965373847824,0.026780868330932666,0.16421534020562292,7.845862756241916,0.18486755912345124,0.22231566886232448,0.25465567239138137,0.05164263812950679,0.8241008878488221,0.4289279152979546,1,PD,AH_545622719-52C23861-6E0D-41E0-A3D8-9358C28C019B.wav,datasets\audio\PD\AH_545622719-52C23861-6E0D-41E0-A3D8-9358C28C019B.wav
161.31332737095627,166.79018638108047,152.94727527831148,0.0012591966771060947,7.807584555934948e-06,0.0007435764602529963,0.001115231045658541,0.002230729380758989,0.020123672086059953,0.23198305440280095,0.0044240702844730384,0.008681354630231954,0.024049407518034662,0.013272210853419116,0.026811408944610593,15.71680363160285,0.4707341870074005,0.21872064806474398,0.014662711776660594,0.00269185789382541,1.7997346530507237,0.5796904386540734,1,PD,AH_545622720-E1486AF6-8C95-47EB-829B-4D62698C987A.wav,datasets\audio\PD\AH_545622720-E1486AF6-8C95-47EB-829B-4D62698C987A.wav
174.35467080402347,179.79684922520178,158.3409492927473,0.002938881767823457,1.685978708224943e-05,0.0011182741200664262,0.0019772464239123625,0.0033548223601992787,0.01742725705364325,0.18386369606462488,0.0036579806490498437,0.008493772200440168,0.027569609163529987,0.010973941947149532,0.06048571403642706,12.183471881207751,0.14560751848932355,0.24519768355581928,0.015440682690664616,0.005905189329811248,1.3193313471011534,0.6302215525120958,1,PD,AH_545622722-3C79DA68-36BB-43A2-B29C-61AEF480E07E.wav,datasets\audio\PD\AH_545622722-3C79DA68-36BB-43A2-B29C-61AEF480E07E.wav
190.48430596105368,194.9405751254965,185.06529904895288,0.0015910895856821685,8.353645743387623e-06,0.0009301005146176982,0.0012950756611224685,0.0027903015438530947,0.017485564628948534,0.15850170028606506,0.00454136484989955,0.00849764259497948,0.02078466440376001,0.013624094549698651,0.03666173993637544,14.35786927621612,0.25125093824587463,0.035190499210779984,0.009671229302645969,0.003062401491832529,1.9298404768341153,0.5450182788978107,1,PD,AH_545629296-C2C009C6-8C17-42EA-B6BE-362942FC4692.wav,datasets\audio\PD\AH_545629296-C2C009C6-8C17-42EA-B6BE-362942FC4692.wav
159.05092482168422,163.92483081052745,146.88642519655863,0.0022143418983680226,1.3925368148823624e-05,0.0009511972858050995,0.0014156313072584545,0.0028535918574152984,0.02227332245853809,0.19507711740361777,0.005271061591792229,0.008921894118822172,0.02182736472620136,0.015813184775376687,0.19471438087521958,7.106019719308609,0.1666509422918582,0.04245388645009914,0.015036794258215613,0.0036831058013670577,1.8739914949924832,0.6104428069292303,1,PD,AH_545643618-82A143AC-B643-4273-A923-C42A83AEEC5F.wav,datasets\audio\PD\AH_545643618-82A143AC-B643-4273-A923-C42A83AEEC5F.wav
142.66612283754137,146.04042164047092,137.8438025996442,0.0016997828283725112,1.1915547544113745e-05,0.0009574889830062333,0.0013105688180313324,0.0028724669490187,0.02733632014836198,0.23378455648501545,0.007322504965945701,0.01154104756269069,0.026381070331315745,0.021967514897837104,0.2184792421324057,6.605898193599246,0.2692297074138482,0.07434087408785327,0.009766480333491865,0.003179840525474891,1.8084190860207447,0.538579792760274,1,PD,AH_545648867-CB17D873-1CEA-492A-B5B0-93C7463F516C.wav,datasets\audio\PD\AH_545648867-CB17D873-1CEA-492A-B5B0-93C7463F516C.wav
294.80770926663547,304.13272758889497,274.0997614345852,0.0019164070836065392,6.502732141674992e-06,0.0009323118558657175,0.0013902259943584492,0.0027969355675971524,0.0072209783539776504,0.06488259874603844,0.002417556996348696,0.0035017480829126085,0.007164150063633516,0.007252670989046089,0.07252760330340928,11.394966736936642,0.1008071673182212,0.1882938090976175,0.01839340941327277,0.003569338909166888,1.4828970978530822,0.7209956293899599,1,PD,AH_545692309-EA8C4DC0-9B2A-4CC7-A490-851A2129A733.wav,datasets\audio\PD\AH_545692309-EA8C4DC0-9B2A-4CC7-A490-851A2129A733.wav
159.983127743712,165.82954559613313,155.62074655812117,0.002080263277795728,1.3004780513394194e-05,0.0010095113500437527,0.0013858066009382027,0.003028534050131258,0.019250428062866386,0.15474541883317086,0.003528927173398904,0.006805181164288504,0.018584265443906418,0.010586781520196712,0.09840440105525008,10.069854776736669,0.17592145665927475,0.08448336920491266,0.011646392833886254,0.0035341152705796316,1.939209282128657,0.600244754163602,1,PD,AH_545692315-C2972597-9AEC-4060-A186-F1F59340640C.wav,datasets\audio\PD\AH_545692315-C2972597-9AEC-4060-A186-F1F59340640C.wav
195.68307025626015,235.87694365086028,187.21565424320963,0.0038613987285052585,1.9746737492551654e-05,0.0013766849832518113,0.0019625488743591863,0.004130054949755434,0.02712279441249889,0.5174690103166554,0.017226113550269467,0.033616331685108906,0.06686267290909721,0.051678340650808396,0.2030319899898497,6.924355286803604,0.2737910592270678,0.11327653829346185,0.02644395554100888,0.009801306302135705,1.4014878486523081,0.7200276268116528,1,PD,AH_545713221-1E77C030-4558-4A88-B1A2-6AB777ACAE61.wav,datasets\audio\PD\AH_545713221-1E77C030-4558-4A88-B1A2-6AB777ACAE61.wav
187.8469464973255,200.65276998924227,176.70804697206307,0.0023873346574705212,1.2723452348278348e-05,0.001180600152068594,0.0016593472905852712,0.003541800456205782,0.031102737755196647,0.3010111216431848,0.006530435531150705,0.013465960899129437,0.036394077903216,0.019591306593452117,0.1243609032379192,9.05316132320229,0.23290837873783016,0.07497068151347831,0.03379031967532656,0.0039616467849848645,0.9701909651451431,0.7050433461957555,1,PD,AH_545713222-DA13DC3A-F24B-454E-984F-19DF19328D39.wav,datasets\audio\PD\AH_545713222-DA13DC3A-F24B-454E-984F-19DF19328D39.wav
201.91256568391853,210.14246673741246,194.9405751254965,0.002595536972378068,1.2858665286434103e-05,0.0011103651234814786,0.0016613956138066403,0.0033310953704444356,0.04572889755195503,0.50060058907427,0.012057624959380307,0.02238734534981343,0.06547901564179119,0.03617287487814092,0.37223383917413144,4.291841484041371,0.11271986253664254,0.06441661562834605,0.017435231762018524,0.004187232898876662,1.6451372497579284,0.6844931137372795,1,PD,AH_545713223-E6D59EE5-4C3F-4B40-AE8F-0657EF94DB66.wav,datasets\audio\PD\AH_545713223-E6D59EE5-4C3F-4B40-AE8F-0657EF94DB66.wav
106.01388139696218,110.6779432303127,100.32638499462114,0.0034838984164723805,3.2878091035796495e-05,0.001347062517813413,0.002206575244477045,0.004041187553440239,0.032506978503633634,0.37000966177567346,0.009308313505304313,0.01750424595412225,0.04005503143955616,0.02792494051591294,0.2726302713447495,5.644259241869998,0.19054319087183003,0.09170963781169832,0.021665200021517887,0.005558129357630605,1.2024094088296748,0.7530134615828158,1,PD,AH_545713224-1B3708B0-8792-4FEE-B03B-C7CB9CB03D58.wav,datasets\audio\PD\AH_545713224-1B3708B0-8792-4FEE-B03B-C7CB9CB03D58.wav
136.62601834150846,146.88642519655863,124.95145830417678,0.003137169185529216,2.2975843521334212e-05,0.001072187566393198,0.0017076624058142028,0.003216562699179594,0.025298258649879526,0.23919029242101833,0.007756392706265042,0.010797878218216964,0.02755003299093635,0.023269178118795128,0.22238972085437467,6.528852902886861,0.296714210252844,0.09492881265459764,0.024790977584171987,0.005657650057655774,1.2294390209002122,0.7878435982584697,1,PD,AH_545743929-E2EAE1A3-7E46-4DCF-8DB7-37A5CA47DB9D.wav,datasets\audio\PD\AH_545743929-E2EAE1A3-7E46-4DCF-8DB7-37A5CA47DB9D.wav
225.65628218197463,233.1676658768654,212.58420458456652,0.0020549665739129017,9.10835674458464e-06,0.0009882716712806103,0.0013163069227678254,0.002964815013841831,0.03216243387885293,0.2790187616756944,0.006535823303829551,0.012165593234084119,0.03291111603142985,0.019607469911488654,0.11456513320265047,9.409475356119758,0.20633894410148984,0.04998788351189366,0.013799049214919366,0.0037183155938169433,1.5902497907932933,0.6227261729602476,1,PD,AH_545753013-FCFF8F46-08FF-4C87-B443-D2039E5DA945.wav,datasets\audio\PD\AH_545753013-FCFF8F46-08FF-4C87-B443-D2039E5DA945.wav
205.23846751026252,261.7218558396618,189.39099536127398,0.003570044878015926,1.741706732714373e-05,0.0016028710344096393,0.002605070187501143,0.004808613103228918,0.022563393488107566,0.21979249380969257,0.00672276114071008,0.010752710579296686,0.02841632238821466,0.02016828342213024,0.14407835985231038,8.414012440471117,0.23133822951151412,0.06432229470107234,0.03586140696660697,0.01568097704795018,1.4617341697952733,0.5765469265901876,1,PD,AH_545753014-C68926CC-AB91-49AF-90A6-BB5C434283DB.wav,datasets\audio\PD\AH_545753014-C68926CC-AB91-49AF-90A6-BB5C434283DB.wav
202.7653261292599,207.72877464147433,199.49709507426905,0.0012617408816243177,6.2232219496689314e-06,0.0006720557968243902,0.0009956276462250438,0.0020161673904731704,0.03429519589427519,0.2988777921791067,0.007121435792211486,0.014292522530113917,0.034761558702840194,0.02136430737663446,0.07681570931058468,11.14549954848247,0.23658826494133353,0.082636992895974,0.009452742384770063,0.0027012056499242745,2.171909733860485,0.5337562070040531,1,PD,AH_545753015-58CAA743-BA9A-47E0-B9EF-CC35E9EFB839.wav,datasets\audio\PD\AH_545753015-58CAA743-BA9A-47E0-B9EF-CC35E9EFB839.wav
199.94418799446674,570.8194152013061,132.38145865964958,0.006130338847559476,3.752785125301243e-05,0.0037144767450537435,0.0064383652035402816,0.01114343023516123,0.023397101004964473,0.443283812919861,0.017070649759171195,0.028544864014126942,0.053590067666076484,0.05121194927751359,0.22032409716167703,6.569380008427661,0.20069406441541396,0.09341656372563731,0.44164395856164457,0.0974930872600125,1.651232216476835,0.1819639224235456,1,PD,AH_545789668-A4F6069C-5E1A-49F5-9EDC-59C6EB833E42.wav,datasets\audio\PD\AH_545789668-A4F6069C-5E1A-49F5-9EDC-59C6EB833E42.wav
176.47403153249525,249.9029166083535,163.92483081052745,0.004032018153837211,2.302465850596152e-05,0.0013974774370641115,0.0022739702700673974,0.004192432311192334,0.030290102124776064,0.2833835832985511,0.006018017950200983,0.01221542145266842,0.035740220959723935,0.01805405385060295,0.30041396446451046,5.222798834224575,0.10755417093894595,0.0632915185588371,0.08763942212712536,0.012630745651437262,1.1984473144659833,0.4603173706517377,1,PD,AH_545789670-C297FD53-BF71-4183-86A0-58E5E1EB0DF8.wav,datasets\audio\PD\AH_545789670-C297FD53-BF71-4183-86A0-58E5E1EB0DF8.wav
225.75227332231003,238.61770171621137,218.81339725397203,0.0022800046373731035,1.0101963335483331e-05,0.0010230333261731109,0.001537219492295464,0.003069099978519333,0.018835740367506657,0.17945605210855547,0.004797241975850683,0.00836884804426395,0.023800883458582292,0.01439172592755205,0.037212993179787775,14.293053966491186,0.17257561642505098,0.06989903683418627,0.015339153268554923,0.003883250291023799,1.846032290615076,0.6379981040972758,1,PD,AH_545789671-794D2256-DDFF-4009-8BA8-8A306C8FA14F.wav,datasets\audio\PD\AH_545789671-794D2256-DDFF-4009-8BA8-8A306C8FA14F.wav
280.2484376118955,304.13272758889497,274.0997614345852,0.00222477996496166,7.940794065897217e-06,0.001133863600868848,0.0016013666818450862,0.003401590802606544,0.021564170325096096,0.20152322524501118,0.00475059967770047,0.009568167688815151,0.02731193689694551,0.01425179903310141,0.030252368619952442,15.192406164394912,0.5347505246973155,0.05283359003426798,0.01662624450012278,0.004085371304528584,2.1399409416633826,0.6084055163968229,1,PD,AH_545789674-53885025-35F1-48C1-9826-BAAEB8BEAF58.wav,datasets\audio\PD\AH_545789674-53885025-35F1-48C1-9826-BAAEB8BEAF58.wav
148.39823384062566,152.06636379444745,144.363004329854,0.0010272744183710007,6.92329752588264e-06,0.000631083417822289,0.0009740140325072602,0.0018932502534668668,0.028033717289068057,0.3090581560228038,0.008572441125252666,0.013872872396202648,0.030632103047098146,0.025717323375757998,0.17776563956848968,7.50152180305636,0.1432756003418802,0.06507354891533014,0.011279574085559707,0.002426516407478901,1.6295363921315633,0.5893189353811057,1,PD,AH_545789675-243F18DB-4432-4C87-B12C-6EEC2D2D30D6.wav,datasets\audio\PD\AH_545789675-243F18DB-4432-4C87-B12C-6EEC2D2D30D6.wav
230.795130523362,245.60973407922594,189.39099536127398,0.0028025621233111818,1.2196123837051988e-05,0.0009522671006444853,0.0012783832048688783,0.0028568013019334556,0.02849698763564436,0.23056059371537302,0.0053540715208208215,0.009042990226679107,0.022684504252032316,0.016062214562462464,0.4689730650450524,3.288520997971129,0.10453166853487203,0.10289800797696837,0.0660008130722016,0.004040039210689507,1.0539648675281457,0.5848996851020917,1,PD,AH_545789677-D381D801-B073-4945-BE0D-E250126EA6B1.wav,datasets\audio\PD\AH_545789677-D381D801-B073-4945-BE0D-E250126EA6B1.wav
226.00327168447606,230.48950681224102,210.14246673741246,0.0020629884744224124,9.131694560845486e-06,0.0009375680670939275,0.0012612318247186035,0.0028127042012817825,0.021330431128042344,0.19889049534332112,0.006279224073540451,0.010207177951229407,0.01990527553245659,0.018837672220621354,0.06107998583723453,12.14101072316527,0.2738929206556179,0.041485423948161876,0.01974261151911212,0.004549382014477159,1.4006273471212318,0.6069655386321233,1,PD,AH_545789680-7FF9D4F1-DDCC-4CB6-8668-76530D670FA5.wav,datasets\audio\PD\AH_545789680-7FF9D4F1-DDCC-4CB6-8668-76530D670FA5.wav
177.0626322099817,179.79684922520178,172.6720296012984,0.00108735996432268,6.14152497362084e-06,0.0007193567451473855,0.0009530593207330721,0.0021580702354421564,0.01778561252686551,0.1584506222265849,0.0028438978166483255,0.006353145786915816,0.019737448961374426,0.008531693449944977,0.019250297893009558,17.155625455170785,0.5419675822717204,0.11246140332890503,0.008283465930477686,0.0025025481253106094,4.731690807175266,0.47011595205720197,1,PD,AH_545789682-7554E0C7-4E25-49C3-9E6C-04D525455E28.wav,datasets\audio\PD\AH_545789682-7554E0C7-4E25-49C3-9E6C-04D525455E28.wav
185.63304885118234,249.9029166083535,171.677511892231,0.0030644354772625176,1.6528466245749947e-05,0.0014812145235553367,0.0022366368340593365,0.00444364357066601,0.022760325913731932,0.24964984186944408,0.0067965756614294685,0.011704053084219089,0.02901744723627738,0.020389726984288405,0.21020434770720312,6.773583055974045,0.17360932767871637,0.06381269179750561,0.03512307550097598,0.010125204944406118,1.2457507648130668,0.6539107614283132,1,PD,AH_545789690-DA26461A-AF40-4A43-9662-3A93EE872359.wav,datasets\audio\PD\AH_545789690-DA26461A-AF40-4A43-9662-3A93EE872359.wav
199.09948785984997,204.16011862820537,197.20567550058965,0.0009057934036815079,4.549661276874045e-06,0.0005909715301839601,0.0008994428926850498,0.0017729145905518804,0.02012819666454917,0.18622580088254212,0.0073732475663614416,0.010685409867841266,0.02023185841179933,0.022119742699084323,0.018528459877781952,17.321606785968466,0.3323807596192587,0.08710761741643597,0.006795222730847344,0.0022895415212330406,5.798382627514842,0.4090070122549267,1,PD,AH_545806325-8A17002B-CFD3-4DCF-8854-04F0F2BFF21B.wav,datasets\audio\PD\AH_545806325-8A17002B-CFD3-4DCF-8854-04F0F2BFF21B.wav
208.5009980561065,213.8156923536814,204.16011862820537,0.0016106382625192806,7.725253226306585e-06,0.0009881426210032482,0.0013324642655440089,0.0029644278630097448,0.03241051184212517,0.34679827786932815,0.00894904095217622,0.012959534940179386,0.031000162837290145,0.02684712285652866,0.09162389407210135,10.379912543839119,0.46251164754613233,0.16114069874958428,0.007253585241238827,0.0032798954590062524,5.195991359194304,0.449423422332042,1,PD,AH_545806326-BD0FE665-1AD5-4F55-8342-0FAB8B15680B.wav,datasets\audio\PD\AH_545806326-BD0FE665-1AD5-4F55-8342-0FAB8B15680B.wav
125.83676917198763,130.1072244361702,122.804867039613,0.0020367683371060085,1.6188380624594934e-05,0.001038203379322371,0.0015221415462978321,0.003114610137967113,0.0395855648031561,0.3800782432162564,0.013998722301095255,0.01854142333828911,0.04982061391160207,0.04199616690328577,0.26902886309847523,5.702011236706283,0.12979831899426017,0.329951603444133,0.012634915952365364,0.0035667163315790304,1.897279417271498,0.6195712488704695,1,PD,AH_545812844-DFBCDA22-CADB-444A-9623-16A39D45E9E7.wav,datasets\audio\PD\AH_545812844-DFBCDA22-CADB-444A-9623-16A39D45E9E7.wav
117.25033140060366,121.3943328362307,111.31909403295714,0.003542155109495149,3.0220676047326998e-05,0.0012945193007781915,0.002252081412882289,0.0038835579023345744,0.03990541179686243,0.4103488327678721,0.011563874056545268,0.02163147937678851,0.056106454115467566,0.034691622169635804,0.3834802381566153,4.162570115863688,0.1794503604859235,0.12420540446370726,0.018626704343066024,0.0064204077622795975,1.5655438447520689,0.7279988989608894,1,PD,AH_545812846-0C14B32A-6C50-4B62-BC89-0A815C2DEEFA.wav,datasets\audio\PD\AH_545812846-0C14B32A-6C50-4B62-BC89-0A815C2DEEFA.wav
210.37232728329136,220.0809703691211,194.9405751254965,0.002200429382962407,1.0464102281505334e-05,0.001031978966001596,0.0013088662672426843,0.0030959368980047882,0.01846088327282017,0.1741839560170887,0.0053750052494490365,0.006267610498240785,0.016931201327974453,0.01612501574834711,0.04154861975654918,13.81443398885185,0.21847197972252413,0.022081024595243103,0.020535319789976893,0.003661565772137356,1.572563026467561,0.727786437795042,1,PD,AH_545834603-857E007F-1CCF-4249-8160-3A0F3F5AB58D.wav,datasets\audio\PD\AH_545834603-857E007F-1CCF-4249-8160-3A0F3F5AB58D.wav
227.58367414829488,234.51839242421903,210.14246673741246,0.002282199407487416,1.0033079566364704e-05,0.0009451520641477977,0.0014543122684646391,0.0028354561924433933,0.02387134831972794,0.45362627707200187,0.011869028654807094,0.024732563002634465,0.06530081157017353,0.03560708596442128,0.03783112862943667,14.22150702053149,0.3479829054921451,0.08294520900385759,0.0225956058292406,0.0038999029623111824,2.007669589889184,0.6465450900861766,1,PD,AH_545841221-6FC57E6E-65B6-4859-A15A-55856D7E75C0.wav,datasets\audio\PD\AH_545841221-6FC57E6E-65B6-4859-A15A-55856D7E75C0.wav
171.7116840938587,178.76129557472427,148.59316324529286,0.0033448233596679567,1.9502404665732913e-05,0.0014610515009479716,0.0022752223446983614,0.004383154502843914,0.05015425881458172,0.42660867760447413,0.01061624902871477,0.021141557002562157,0.04860813924040602,0.03184874708614431,0.40920096504340137,3.880633507357088,0.12731072390445794,0.07359430654878472,0.034419862109114956,0.007830128531338926,1.5285675880003753,0.6105902351238355,1,PD,AH_545841222-DE5AEF27-7F4E-45A4-BF7D-9E87E7A786AE.wav,datasets\audio\PD\AH_545841222-DE5AEF27-7F4E-45A4-BF7D-9E87E7A786AE.wav
185.2022396752668,212.58420458456652,97.47028756274825,0.006429528568560563,3.721123080037556e-05,0.004190430764063076,0.0074132168878089325,0.012571292292189229,0.03768009869962906,0.3860306030408751,0.010018757055445799,0.019100872548633466,0.050147073535099944,0.030056271166337398,0.14526866244416528,8.378280622018023,0.0751749517244363,0.25281324735213284,0.26238626672473603,0.053723949130332876,0.9057662466392454,0.27671532728030007,1,PD,AH_545841223-24FB0419-5BAE-4F9C-8EBC-CD62DA6590D2.wav,datasets\audio\PD\AH_545841223-24FB0419-5BAE-4F9C-8EBC-CD62DA6590D2.wav
169.57122885476272,174.6783819410625,164.8744376949707,0.001522381138016648,8.978513208404889e-06,0.0008393464389976012,0.0012901195235384155,0.0025180393169928037,0.034952518212998676,0.4054085521904952,0.008536912236832948,0.01923704698690959,0.05494536429286511,0.025610736710498842,0.1419099774283587,8.479870690263274,0.1577351196164524,0.16308377120350873,0.008743154949624623,0.003073625357953819,2.7260399772571784,0.5206678157674955,1,PD,AH_545841226-C699FC9E-1E0C-474D-A12A-936DD92B8980.wav,datasets\audio\PD\AH_545841226-C699FC9E-1E0C-474D-A12A-936DD92B8980.wav
259.08592804802237,270.9514571534715,248.46358172193055,0.0018864860092966324,7.283367303247733e-06,0.0010689219679200419,0.0011309320704515386,0.0032067659037601256,0.01888067678141886,0.20911943631694027,0.002682718568183991,0.0054763386920331615,0.0153394418879358,0.008048155704551974,0.09322349906811044,10.304746002078438,0.3134269604083547,0.08601754511804414,0.016791080809255496,0.003482253599256965,1.409318192474011,0.6499300297345328,1,PD,AH_545841227-5C77713A-66F1-49D0-BC8A-702C152E668D.wav,datasets\audio\PD\AH_545841227-5C77713A-66F1-49D0-BC8A-702C152E668D.wav
125.26628768788942,129.3578619651426,120.0,0.0015072969878861043,1.2034295163844508e-05,0.0007896247927892859,0.0012549784274513511,0.002368874378367858,0.027201239309800628,0.26348881089848775,0.01058472510052773,0.011769469192259215,0.028364637434304767,0.03175417530158319,0.156721199308304,8.04872253563948,0.37533589192509087,0.07599393013845164,0.011358689880719525,0.003155194913709668,5.672364759543684,0.5143528550380438,1,PD,AH_545847410-D1BA3BB4-1F61-44CA-ACDE-455A8E97E04B.wav,datasets\audio\PD\AH_545847410-D1BA3BB4-1F61-44CA-ACDE-455A8E97E04B.wav
111.22590475173202,113.92105451406232,104.4660675955349,0.002041155378715473,1.8355907868548188e-05,0.0009682672773404372,0.0013778907750274711,0.0029048018320213115,0.024538736464771053,0.2183813535855159,0.010720455552642755,0.016008240940946047,0.022311533748670932,0.032161366657928264,0.3514494536120187,4.541371275315066,0.07246394990899019,0.17855808681521196,0.015604251345493838,0.003590994353429685,1.33560275703799,0.6555286797763726,1,PD,AH_545880204-EE87D3E2-0D4C-4EAA-ACD7-C3F177AFF62F.wav,datasets\audio\PD\AH_545880204-EE87D3E2-0D4C-4EAA-ACD7-C3F177AFF62F.wav
